Date,Return
10/31/2025,-0.0046
10/30/2025,-0.0018
10/29/2025,0.0015
10/28/2025,-0.0021
10/27/2025,0.0034999999999999996
10/24/2025,0.0002
10/23/2025,0.005699999999999999
10/22/2025,-0.0031
10/21/2025,0.0031
10/20/2025,0.0086
10/17/2025,-0.005699999999999999
10/16/2025,0.009399999999999999
10/15/2025,0.013500000000000002
10/14/2025,-0.0025
10/13/2025,0.0044
10/10/2025,-0.0174
10/09/2025,-0.0051
10/08/2025,0.0066
10/07/2025,-0.0015
10/06/2025,-0.0055000000000000005
10/03/2025,0.0036
10/02/2025,0.0095
10/01/2025,0.0101
09/30/2025,0.0017000000000000001
09/29/2025,0.0031
09/26/2025,0.0091
09/25/2025,-0.0027
09/24/2025,-0.0016
09/23/2025,0.005
09/22/2025,0.0011
09/19/2025,-0.0002
09/18/2025,0.0116
09/17/2025,-0.0033
09/16/2025,-0.0088
09/15/2025,0.0111
09/12/2025,0.0019
09/11/2025,0.0064
09/10/2025,0.0015
09/09/2025,0.0040999999999999995
09/08/2025,0.0074
09/05/2025,-0.003
09/04/2025,0.0025
09/03/2025,0.0051
09/02/2025,-0.010700000000000001
09/01/2025,0.0015
08/29/2025,-0.0068000000000000005
08/28/2025,0.0006
08/27/2025,0.0012
08/26/2025,-0.0128
08/25/2025,-0.0078000000000000005
08/22/2025,0.005699999999999999
08/21/2025,-0.0002
08/20/2025,0.0004
08/19/2025,0.0078000000000000005
08/18/2025,-0.002
08/15/2025,0.0032
08/14/2025,0.006500000000000001
08/13/2025,0.0064
08/12/2025,0.005600000000000001
08/11/2025,-0.0009
08/08/2025,0.0031
08/07/2025,0.0078000000000000005
08/06/2025,0.0021
08/05/2025,0.0007000000000000001
08/04/2025,0.011000000000000001
08/01/2025,-0.0258
07/31/2025,-0.0123
07/30/2025,0.002
07/29/2025,0.006500000000000001
07/28/2025,-0.0018
07/25/2025,-0.0002
07/24/2025,0.0003
07/23/2025,0.0113
07/22/2025,-0.005699999999999999
07/21/2025,-0.0033
07/18/2025,0.0009
07/17/2025,0.0128
07/16/2025,-0.0124
07/15/2025,-0.0026
07/14/2025,-0.0016
07/11/2025,-0.008100000000000001
07/10/2025,0.0031
07/09/2025,0.0102
07/08/2025,0.005
07/07/2025,0.0042
07/04/2025,-0.0072
07/03/2025,0.0025
07/02/2025,0.0078000000000000005
07/01/2025,-0.0024
06/30/2025,-0.0042
06/27/2025,0.0125
06/26/2025,-0.0009
06/25/2025,-0.006999999999999999
06/24/2025,0.008199999999999999
06/23/2025,-0.0021
06/20/2025,0.0032
06/19/2025,-0.0109
06/18/2025,-0.0019
06/17/2025,-0.0076
06/16/2025,0.0063
06/13/2025,-0.0087
06/12/2025,-0.0025
06/11/2025,-0.0022
06/10/2025,0.0016
06/09/2025,0.0003
06/06/2025,0.0032
06/05/2025,0.0018
06/04/2025,0.003
06/03/2025,0.0023
06/02/2025,-0.0006
05/30/2025,-0.0038
05/29/2025,-0.0003
05/28/2025,-0.0036
05/27/2025,0.0025
05/26/2025,0.0115
05/23/2025,-0.0143
05/22/2025,-0.0064
05/21/2025,-0.0007000000000000001
05/20/2025,0.006500000000000001
05/19/2025,-0.0023
05/16/2025,0.0040999999999999995
05/15/2025,0.0003
05/14/2025,0.0
05/13/2025,0.0045000000000000005
05/12/2025,0.0167
05/09/2025,0.0055000000000000005
05/08/2025,0.0101
05/07/2025,-0.005699999999999999
05/06/2025,-0.0021
05/05/2025,-0.0023
05/02/2025,0.0226
04/30/2025,0.0025
04/29/2025,0.0036
04/28/2025,0.0025
04/25/2025,0.006500000000000001
04/24/2025,0.0029
04/23/2025,0.0174
04/22/2025,0.0034000000000000002
04/17/2025,-0.004699999999999999
04/16/2025,-0.0012
04/15/2025,0.0197
04/14/2025,0.0268
04/11/2025,-0.0028000000000000004
04/10/2025,0.0355
04/09/2025,-0.0356
04/08/2025,0.0258
04/07/2025,-0.0458
04/04/2025,-0.0504
04/03/2025,-0.032400000000000005
04/02/2025,-0.0038
04/01/2025,0.0108
03/31/2025,-0.0138
03/28/2025,-0.0101
03/27/2025,-0.0038
03/26/2025,-0.0073
03/25/2025,0.0092
03/24/2025,-0.0002
03/21/2025,-0.0053
03/20/2025,-0.009399999999999999
03/19/2025,0.0069
03/18/2025,0.0068000000000000005
03/17/2025,0.009000000000000001
03/14/2025,0.0118
03/13/2025,-0.0042
03/12/2025,0.010700000000000001
03/11/2025,-0.011899999999999999
03/10/2025,-0.011899999999999999
03/07/2025,-0.0049
03/06/2025,0.0052
03/05/2025,0.0134
03/04/2025,-0.0222
03/03/2025,0.0129
02/28/2025,-0.0025
02/27/2025,-0.0077
02/26/2025,0.0109
02/25/2025,-0.0029
02/24/2025,-0.004
02/21/2025,0.0022
02/20/2025,-0.0023
02/19/2025,-0.0064
02/18/2025,0.0011
02/17/2025,0.005
02/14/2025,0.0016
02/13/2025,0.012199999999999999
02/12/2025,0.0013
02/11/2025,0.0059
02/10/2025,0.0063
02/07/2025,-0.0024
02/06/2025,0.01
02/05/2025,-0.0015
02/04/2025,0.0092
02/03/2025,-0.0098
01/31/2025,0.0037
01/30/2025,0.0104
01/29/2025,0.0073
01/28/2025,0.0013
01/27/2025,-0.0089
01/24/2025,-0.0016
01/23/2025,0.0009
01/22/2025,0.0027
01/21/2025,-0.0021
01/20/2025,0.0027
01/17/2025,0.008100000000000001
01/16/2025,0.0108
01/15/2025,0.0101
01/14/2025,0.0029
01/13/2025,-0.0046
01/10/2025,-0.0069
01/09/2025,0.0051
01/08/2025,-0.0040999999999999995
01/07/2025,0.0032
01/06/2025,0.0178
01/03/2025,-0.0064
01/02/2025,0.0076
12/31/2024,0.0072
12/30/2024,-0.0049
12/27/2024,0.0079
12/24/2024,0.0021
12/23/2024,-0.0007000000000000001
12/20/2024,-0.0029
12/19/2024,-0.0134
12/18/2024,0.0036
12/17/2024,-0.0028000000000000004
12/16/2024,-0.0051
12/13/2024,-0.0001
12/12/2024,-0.0001
12/11/2024,0.0034999999999999996
12/10/2024,-0.005
12/09/2024,0.0029
12/06/2024,0.0028000000000000004
12/05/2024,0.0044
12/04/2024,0.0049
12/03/2024,0.006
12/02/2024,-0.0001
11/29/2024,0.0068000000000000005
11/28/2024,0.0059
11/27/2024,-0.0048
11/26/2024,-0.01
11/25/2024,-0.0008
11/22/2024,0.0062
11/21/2024,0.005699999999999999
11/20/2024,-0.0026
11/19/2024,-0.0055000000000000005
11/18/2024,-0.0013
11/15/2024,-0.0089
11/14/2024,0.0161
11/13/2024,-0.0016
11/12/2024,-0.0189
11/11/2024,0.011000000000000001
11/08/2024,-0.0060999999999999995
11/07/2024,0.0053
11/06/2024,-0.009300000000000001
11/05/2024,0.0034999999999999996
11/04/2024,-0.0040999999999999995
11/01/2024,0.0098
10/31/2024,-0.009000000000000001
10/30/2024,-0.011899999999999999
10/29/2024,-0.0040999999999999995
10/28/2024,0.0012
10/25/2024,0.0018
10/24/2024,0.0004
10/23/2024,-0.0042
10/22/2024,-0.0004
10/21/2024,-0.006
10/18/2024,0.0046
10/17/2024,0.009399999999999999
10/16/2024,-0.0032
10/15/2024,-0.0197
10/14/2024,0.0085
10/11/2024,0.0063
10/10/2024,-0.002
10/09/2024,0.0060999999999999995
10/08/2024,-0.0044
10/07/2024,0.001
10/04/2024,0.0072
10/03/2024,-0.0095
10/02/2024,0.0032
10/01/2024,-0.0016
09/30/2024,-0.0137
09/27/2024,0.0058
09/26/2024,0.0103
09/25/2024,-0.004
09/24/2024,0.0073
09/23/2024,0.0018
09/20/2024,-0.012199999999999999
09/19/2024,0.018799999999999997
09/18/2024,-0.005699999999999999
09/17/2024,0.0042
09/16/2024,-0.0032
09/13/2024,0.0058
09/12/2024,0.0087
09/11/2024,0.0029
09/10/2024,-0.004699999999999999
09/09/2024,0.0089
09/06/2024,-0.0137
09/05/2024,-0.0039000000000000003
09/04/2024,-0.009000000000000001
09/03/2024,-0.0144
09/02/2024,0.0015
08/30/2024,-0.0022
08/29/2024,0.0096
08/28/2024,0.0023
08/27/2024,0.0008
08/26/2024,-0.0006
08/23/2024,0.0043
08/22/2024,-0.0013
08/21/2024,0.0053
08/20/2024,-0.0052
08/19/2024,0.0046
08/16/2024,0.004699999999999999
08/15/2024,0.0121
08/14/2024,0.0054
08/13/2024,0.003
08/12/2024,0.0014000000000000002
08/09/2024,0.0022
08/08/2024,-0.0015
08/07/2024,0.0217
08/06/2024,0.0026
08/05/2024,-0.0178
08/02/2024,-0.027000000000000003
08/01/2024,-0.0173
07/31/2024,0.0108
07/30/2024,0.0053
07/29/2024,-0.0063
07/26/2024,0.0104
07/25/2024,-0.0152
07/24/2024,-0.008100000000000001
07/23/2024,-0.0009
07/22/2024,0.0096
07/19/2024,-0.0076
07/18/2024,-0.0003
07/17/2024,-0.011699999999999999
07/16/2024,-0.0046
07/15/2024,-0.0089
07/12/2024,0.0095
07/11/2024,0.002
07/10/2024,0.0089
07/09/2024,-0.01
07/08/2024,-0.0022
07/05/2024,-0.0023
07/04/2024,0.006500000000000001
07/03/2024,0.0113
07/02/2024,-0.0004
07/01/2024,0.0085
06/28/2024,-0.0027
06/27/2024,-0.0034000000000000002
06/26/2024,-0.0059
06/25/2024,-0.0045000000000000005
06/24/2024,0.0073
06/21/2024,-0.009000000000000001
06/20/2024,0.0129
06/19/2024,-0.0054
06/18/2024,0.009899999999999999
06/17/2024,0.0069
06/14/2024,-0.0192
06/13/2024,-0.018500000000000003
06/12/2024,0.012199999999999999
06/11/2024,-0.011399999999999999
06/10/2024,-0.005699999999999999
06/07/2024,-0.0038
06/06/2024,0.0053
06/05/2024,0.0127
06/04/2024,-0.0104
06/03/2024,0.0029
05/31/2024,0.0002
05/30/2024,0.0018
05/29/2024,-0.0116
05/28/2024,-0.0054
05/27/2024,0.0040999999999999995
05/24/2024,-0.0003
05/23/2024,0.0031
05/22/2024,-0.0029
05/21/2024,-0.0040999999999999995
05/20/2024,0.0008
05/17/2024,-0.0011
05/16/2024,-0.002
05/15/2024,0.0039000000000000003
05/14/2024,0.0002
05/13/2024,-0.0009
05/10/2024,0.0073
05/09/2024,0.0045000000000000005
05/08/2024,0.0039000000000000003
05/07/2024,0.0083
05/06/2024,0.0074
05/03/2024,0.0053
05/02/2024,-0.0044
04/30/2024,-0.009899999999999999
04/29/2024,-0.0006
04/26/2024,0.0096
04/25/2024,-0.0072
04/24/2024,-0.0019
04/23/2024,0.0106
04/22/2024,0.0046
04/19/2024,-0.0033
04/18/2024,0.0040999999999999995
04/17/2024,-0.0048
04/16/2024,-0.0129
04/15/2024,0.0
04/12/2024,0.0022
04/11/2024,-0.0042
04/10/2024,0.0029
04/09/2024,-0.0070999999999999995
04/08/2024,0.0072
04/05/2024,-0.0064
04/04/2024,-0.001
04/03/2024,0.0069
04/02/2024,-0.0034999999999999996
03/28/2024,0.001
03/27/2024,0.001
03/26/2024,0.003
03/25/2024,0.0024
03/22/2024,-0.0008
03/21/2024,0.0097
03/20/2024,-0.0011
03/19/2024,0.006
03/18/2024,0.0013
03/15/2024,-0.0012
03/14/2024,-0.0009
03/13/2024,0.0028000000000000004
03/12/2024,0.0084
03/11/2024,-0.005600000000000001
03/08/2024,-0.0023
03/07/2024,0.0087
03/06/2024,0.005699999999999999
03/05/2024,-0.001
03/04/2024,0.0023
03/01/2024,0.0059
02/29/2024,-0.0024
02/28/2024,-0.0015
02/27/2024,0.0032
02/26/2024,-0.004699999999999999
02/23/2024,0.0029
02/22/2024,0.0124
02/21/2024,0.0023
02/20/2024,-0.0024
02/19/2024,-0.0014000000000000002
02/16/2024,0.004699999999999999
02/15/2024,0.0058
02/14/2024,0.0033
02/13/2024,-0.0102
02/12/2024,0.004
02/09/2024,0.0033
02/08/2024,0.0046
02/07/2024,-0.0026
02/06/2024,0.008
02/05/2024,0.0006
02/02/2024,-0.0018
02/01/2024,-0.0038
01/31/2024,-0.0014000000000000002
01/30/2024,0.003
01/29/2024,0.0007000000000000001
01/26/2024,0.005600000000000001
01/25/2024,0.0044
01/24/2024,0.0152
01/23/2024,-0.0015
01/22/2024,0.0059
01/19/2024,-0.001
01/18/2024,0.0098
01/17/2024,-0.01
01/16/2024,-0.0018
01/15/2024,-0.0044
01/12/2024,0.0095
01/11/2024,-0.0038
01/10/2024,-0.0027
01/09/2024,-0.0019
01/08/2024,0.0009
01/05/2024,-0.0015
01/04/2024,0.0064
01/03/2024,-0.0101
01/02/2024,-0.0003
12/29/2023,0.0005
12/28/2023,-0.0037
12/27/2023,0.0028000000000000004
12/22/2023,0.0004
12/21/2023,-0.003
12/20/2023,-0.0003
12/19/2023,0.0024
12/18/2023,-0.0036
12/15/2023,0.0013
12/14/2023,0.0084
12/13/2023,-0.0014000000000000002
12/12/2023,-0.0012
12/11/2023,0.0027
12/08/2023,0.0092
12/07/2023,-0.0007000000000000001
12/06/2023,0.004699999999999999
12/05/2023,0.0048
12/04/2023,-0.0032
12/01/2023,0.0077
11/30/2023,0.0034999999999999996
11/29/2023,0.0014000000000000002
11/28/2023,-0.0015
11/27/2023,-0.0039000000000000003
11/24/2023,0.004
11/23/2023,0.0039000000000000003
11/22/2023,0.0017000000000000001
11/21/2023,-0.0038
11/20/2023,0.0018
11/17/2023,0.0089
11/16/2023,-0.0087
11/15/2023,0.0037
11/14/2023,0.0103
11/13/2023,0.009000000000000001
11/10/2023,-0.005
11/09/2023,0.0101
11/08/2023,0.0019
11/07/2023,-0.0055000000000000005
11/06/2023,-0.0027
11/03/2023,0.0014000000000000002
11/02/2023,0.0172
11/01/2023,0.0067
10/31/2023,0.009399999999999999
10/30/2023,0.003
10/27/2023,-0.0088
10/26/2023,-0.0038
10/25/2023,0.0002
10/24/2023,0.005600000000000001
10/23/2023,0.0034999999999999996
10/20/2023,-0.014499999999999999
10/19/2023,-0.0070999999999999995
10/18/2023,-0.009000000000000001
10/17/2023,0.0005
10/16/2023,0.0034999999999999996
10/13/2023,-0.0115
10/12/2023,0.0006
10/11/2023,-0.0049
10/10/2023,0.02
10/09/2023,-0.0014000000000000002
10/06/2023,0.0077
10/05/2023,0.0012
10/04/2023,-0.0011
10/03/2023,-0.0109
10/02/2023,-0.0103
09/29/2023,0.0044
09/28/2023,0.0044
09/27/2023,0.0012
09/26/2023,-0.0075
09/25/2023,-0.0085
09/22/2023,-0.0024
09/21/2023,-0.0132
09/20/2023,0.005600000000000001
09/19/2023,0.0011
09/18/2023,-0.011200000000000002
09/15/2023,0.0036
09/14/2023,0.0138
09/13/2023,-0.004
09/12/2023,-0.0032
09/11/2023,0.004
09/08/2023,0.0036
09/07/2023,-0.0043
09/06/2023,-0.006999999999999999
09/05/2023,-0.0023
09/04/2023,-0.001
09/01/2023,-0.0004
08/31/2023,-0.0045000000000000005
08/30/2023,-0.0018
08/29/2023,0.0069
08/28/2023,0.0127
08/25/2023,0.0014000000000000002
08/24/2023,-0.0062
08/23/2023,0.0009
08/22/2023,0.0073
08/21/2023,0.0037
08/18/2023,-0.0043
08/17/2023,-0.0116
08/16/2023,-0.0032
08/15/2023,-0.008
08/14/2023,0.0003
08/11/2023,-0.013000000000000001
08/10/2023,0.011200000000000002
08/09/2023,0.0075
08/08/2023,-0.0083
08/07/2023,-0.0007000000000000001
08/04/2023,0.0062
08/03/2023,-0.0048
08/02/2023,-0.0144
08/01/2023,-0.0097
07/31/2023,0.0005
07/28/2023,-0.0006
07/27/2023,0.0191
07/26/2023,-0.011000000000000001
07/25/2023,0.0023
07/24/2023,-0.0009
07/21/2023,0.005
07/20/2023,0.0029
07/19/2023,0.0021
07/18/2023,0.0033
07/17/2023,-0.008100000000000001
07/14/2023,0.0009
07/13/2023,0.0067
07/12/2023,0.016200000000000003
07/11/2023,0.0083
07/10/2023,0.0038
07/07/2023,0.0049
07/06/2023,-0.0277
07/05/2023,-0.0085
07/04/2023,-0.0001
07/03/2023,0.0018
06/30/2023,0.009300000000000001
06/29/2023,0.0033
06/28/2023,0.0092
06/27/2023,0.0045000000000000005
06/26/2023,0.0027
06/23/2023,-0.0073
06/22/2023,-0.0046
06/21/2023,-0.0038
06/20/2023,-0.006
06/19/2023,-0.0089
06/16/2023,0.0075
06/15/2023,-0.0017000000000000001
06/14/2023,0.005
06/13/2023,0.008199999999999999
06/12/2023,0.0034999999999999996
06/09/2023,-0.0009
06/08/2023,0.0022
06/07/2023,0.0006
06/06/2023,0.0006
06/05/2023,-0.0066
06/02/2023,0.0173
06/01/2023,0.0076
05/31/2023,-0.0148
05/30/2023,-0.0113
05/29/2023,-0.0032
05/26/2023,0.0125
05/25/2023,-0.0026
05/24/2023,-0.0161
05/23/2023,-0.0091
05/22/2023,-0.0012
05/19/2023,0.0045000000000000005
05/18/2023,0.005600000000000001
05/17/2023,0.0003
05/16/2023,-0.0023
05/15/2023,0.002
05/12/2023,0.0044
05/11/2023,0.0004
05/10/2023,-0.0021
05/09/2023,-0.0070999999999999995
05/08/2023,0.003
05/05/2023,0.0137
05/04/2023,-0.0038
05/03/2023,0.0016
05/02/2023,-0.0143
04/28/2023,0.0031
04/27/2023,0.0021
04/26/2023,-0.008100000000000001
04/25/2023,-0.0069
04/24/2023,-0.0009
04/21/2023,0.0037
04/20/2023,-0.0005
04/19/2023,-0.0002
04/18/2023,0.0037
04/17/2023,-0.0023
04/14/2023,0.0038
04/13/2023,0.0092
04/12/2023,-0.003
04/11/2023,0.006500000000000001
04/06/2023,0.0012
04/05/2023,-0.0045000000000000005
04/04/2023,-0.0014000000000000002
04/03/2023,0.0038
03/31/2023,0.0072
03/30/2023,0.0097
03/29/2023,0.0151
03/28/2023,0.0011
03/27/2023,0.006500000000000001
03/24/2023,-0.016399999999999998
03/23/2023,0.0032
03/22/2023,0.0046
03/21/2023,0.012
03/20/2023,0.011000000000000001
03/17/2023,-0.0104
03/16/2023,0.017
03/15/2023,-0.0325
03/14/2023,0.016200000000000003
03/13/2023,-0.0256
03/10/2023,-0.0116
03/09/2023,-0.0024
03/08/2023,-0.0003
03/07/2023,-0.0077
03/06/2023,0.0015
03/03/2023,0.0079
03/02/2023,0.0078000000000000005
03/01/2023,-0.0040999999999999995
02/28/2023,-0.0043
02/27/2023,0.0141
02/24/2023,-0.0158
02/23/2023,0.0021
02/22/2023,-0.0022
02/21/2023,-0.0052
02/20/2023,-0.0012
02/17/2023,-0.006
02/16/2023,0.0052
02/15/2023,0.009899999999999999
02/14/2023,-0.0003
02/13/2023,0.0108
02/10/2023,-0.0068000000000000005
02/09/2023,0.009899999999999999
02/08/2023,-0.0005
02/07/2023,-0.0005
02/06/2023,-0.013500000000000002
02/03/2023,0.0091
02/02/2023,0.012
02/01/2023,0.0004
01/31/2023,0.0001
01/30/2023,-0.0055000000000000005
01/27/2023,0.0017000000000000001
01/26/2023,0.0068000000000000005
01/25/2023,-0.0036
01/24/2023,-0.0003
01/23/2023,0.0079
01/20/2023,0.005699999999999999
01/19/2023,-0.0182
01/18/2023,-0.0001
01/17/2023,0.004699999999999999
01/16/2023,0.0014000000000000002
01/13/2023,0.0063
01/12/2023,0.0062
01/11/2023,0.0079
01/10/2023,-0.0059
01/09/2023,0.0105
01/06/2023,0.0146
01/05/2023,-0.0026
01/04/2023,0.0173
01/03/2023,0.0043
01/02/2023,0.0166
12/30/2022,-0.015
12/29/2022,0.0095
12/28/2022,-0.0074
12/27/2022,0.0048
12/23/2022,-0.0016
12/22/2022,-0.0096
12/21/2022,0.0184
12/20/2022,-0.004
12/19/2022,0.0028000000000000004
12/16/2022,-0.0113
12/15/2022,-0.028999999999999998
12/14/2022,-0.0026
12/13/2022,0.0159
12/12/2022,-0.0044
12/09/2022,0.0040999999999999995
12/08/2022,0.0007000000000000001
12/07/2022,-0.0067
12/06/2022,-0.0037
12/05/2022,-0.006
12/02/2022,-0.0024
12/01/2022,0.0045000000000000005
11/30/2022,0.010700000000000001
11/29/2022,0.0009
11/28/2022,-0.005699999999999999
11/25/2022,0.0007000000000000001
11/24/2022,0.0042
11/23/2022,0.005699999999999999
11/22/2022,0.0072
11/21/2022,-0.0025
11/18/2022,0.0068000000000000005
11/17/2022,-0.0043
11/16/2022,-0.0077
11/15/2022,0.0075
11/14/2022,0.002
11/11/2022,0.0073
11/10/2022,0.023700000000000002
11/09/2022,-0.005699999999999999
11/08/2022,0.0039000000000000003
11/07/2022,0.0025
11/04/2022,0.0252
11/03/2022,-0.0066
11/02/2022,-0.0092
11/01/2022,0.009300000000000001
10/31/2022,0.0018
10/28/2022,0.0006
10/27/2022,0.0016
10/26/2022,0.004
10/25/2022,0.0179
10/24/2022,0.0084
10/21/2022,-0.004
10/20/2022,0.0092
10/19/2022,-0.0023
10/18/2022,0.0032
10/17/2022,0.0172
10/14/2022,0.0032
10/13/2022,0.0091
10/12/2022,-0.005
10/11/2022,-0.005600000000000001
10/10/2022,-0.0064
10/07/2022,-0.014499999999999999
10/06/2022,-0.006
10/05/2022,-0.0091
10/04/2022,0.0385
10/03/2022,0.009300000000000001
09/30/2022,0.0116
09/29/2022,-0.0161
09/28/2022,-0.0004
09/27/2022,0.0006
09/26/2022,-0.0006
09/23/2022,-0.0276
09/22/2022,-0.0172
09/21/2022,0.0091
09/20/2022,-0.0111
09/19/2022,-0.0006
09/16/2022,-0.0137
09/15/2022,-0.0097
09/14/2022,-0.0039000000000000003
09/13/2022,-0.0148
09/12/2022,0.0169
09/09/2022,0.0146
09/08/2022,0.004
09/07/2022,-0.0044
09/06/2022,-0.0027
09/05/2022,-0.0060999999999999995
09/02/2022,0.019
09/01/2022,-0.0165
08/31/2022,-0.013500000000000002
08/30/2022,-0.0086
08/29/2022,-0.0096
08/26/2022,-0.015300000000000001
08/25/2022,0.0025
08/24/2022,0.0046
08/23/2022,0.0015
08/22/2022,-0.013999999999999999
08/19/2022,-0.008100000000000001
08/18/2022,0.0043
08/17/2022,-0.0083
08/16/2022,0.0034999999999999996
08/15/2022,0.0024
08/12/2022,0.0006
08/11/2022,0.0049
08/10/2022,0.0059
08/09/2022,-0.006999999999999999
08/08/2022,0.0077
08/05/2022,-0.0064
08/04/2022,0.0006
08/03/2022,0.0111
08/02/2022,-0.0038
08/01/2022,-0.0025
07/29/2022,0.0126
07/28/2022,0.0121
07/27/2022,0.0092
07/26/2022,-0.0018
07/25/2022,0.0034999999999999996
07/22/2022,0.0021
07/21/2022,0.0029
07/20/2022,0.0017000000000000001
07/19/2022,0.0158
07/18/2022,0.0134
07/15/2022,0.0174
07/14/2022,-0.013600000000000001
07/13/2022,-0.0066
07/12/2022,0.0040999999999999995
07/11/2022,-0.0058
07/08/2022,0.0052
07/07/2022,0.0222
07/06/2022,0.0169
07/05/2022,-0.026000000000000002
07/04/2022,0.0066
07/01/2022,0.0005
06/30/2022,-0.0166
06/29/2022,-0.0064
06/28/2022,0.0070999999999999995
06/27/2022,0.0059
06/24/2022,0.0302
06/23/2022,-0.0063
06/22/2022,-0.0115
06/21/2022,0.0059
06/20/2022,0.008199999999999999
06/17/2022,0.0003
06/16/2022,-0.030600000000000002
06/15/2022,0.0144
06/14/2022,-0.0085
06/13/2022,-0.0287
06/10/2022,-0.0262
06/09/2022,-0.0134
06/08/2022,-0.0028000000000000004
06/07/2022,-0.0055000000000000005
06/06/2022,0.011699999999999999
06/03/2022,-0.0019
06/02/2022,0.0069
06/01/2022,-0.0108
05/31/2022,-0.006999999999999999
05/30/2022,0.0070999999999999995
05/27/2022,0.014199999999999999
05/26/2022,0.0152
05/25/2022,0.0097
05/24/2022,-0.0166
05/23/2022,0.0123
05/20/2022,0.0039000000000000003
05/19/2022,-0.0152
05/18/2022,-0.01
05/17/2022,0.013300000000000001
05/16/2022,-0.0011
05/13/2022,0.024399999999999998
05/12/2022,-0.0109
05/11/2022,0.0229
05/10/2022,0.0048
05/09/2022,-0.030299999999999997
05/06/2022,-0.0165
05/05/2022,-0.0051
05/04/2022,-0.0092
05/03/2022,0.0118
05/02/2022,-0.0183
04/29/2022,0.006500000000000001
04/28/2022,0.0083
04/27/2022,0.0042
04/26/2022,-0.006500000000000001
04/25/2022,-0.0223
04/22/2022,-0.018799999999999997
04/21/2022,0.0075
04/20/2022,0.0137
04/19/2022,-0.0052
04/14/2022,0.005699999999999999
04/13/2022,0.0029
04/12/2022,0.0009
04/11/2022,-0.0058
04/08/2022,0.0144
04/07/2022,-0.006500000000000001
04/06/2022,-0.0223
04/05/2022,-0.009000000000000001
04/04/2022,0.0104
04/01/2022,0.004
03/31/2022,-0.013300000000000001
03/30/2022,-0.0032
03/29/2022,0.0227
03/28/2022,0.0005
03/25/2022,0.0015
03/24/2022,-0.0018
03/23/2022,-0.0108
03/22/2022,0.0108
03/21/2022,-0.0009
03/18/2022,0.009300000000000001
03/17/2022,0.0060999999999999995
03/16/2022,0.0394
03/15/2022,-0.0022
03/14/2022,0.006500000000000001
03/11/2022,0.008100000000000001
03/10/2022,-0.023
03/09/2022,0.0575
03/08/2022,-0.0052
03/07/2022,-0.008
03/04/2022,-0.046900000000000004
03/03/2022,-0.0218
03/02/2022,0.0115
03/01/2022,-0.0308
02/28/2022,-0.0054
02/25/2022,0.0318
02/24/2022,-0.030699999999999998
02/23/2022,-0.002
02/22/2022,0.0007000000000000001
02/21/2022,-0.0194
02/18/2022,-0.0066
02/17/2022,-0.005
02/16/2022,0.002
02/15/2022,0.0126
02/14/2022,-0.0192
02/11/2022,-0.0091
02/10/2022,-0.0029
02/09/2022,0.0159
02/08/2022,0.0
02/07/2022,0.0097
02/04/2022,-0.005600000000000001
02/03/2022,-0.0176
02/02/2022,0.0
02/01/2022,0.014199999999999999
01/31/2022,0.008
01/28/2022,-0.0088
01/27/2022,0.004
01/26/2022,0.0207
01/25/2022,0.0038
01/24/2022,-0.0391
01/21/2022,-0.0176
01/20/2022,0.006999999999999999
01/19/2022,0.0015
01/18/2022,-0.0106
01/17/2022,0.0038
01/14/2022,-0.009300000000000001
01/13/2022,-0.0002
01/12/2022,0.0092
01/11/2022,0.009899999999999999
01/10/2022,-0.013999999999999999
01/07/2022,-0.0016
01/06/2022,-0.0165
01/05/2022,0.0033
01/04/2022,0.0083
01/03/2022,0.0076
12/31/2021,-0.0027
12/30/2021,0.0038
12/29/2021,-0.004
12/28/2021,0.0042
12/27/2021,0.0077
12/24/2021,-0.0027
12/23/2021,0.0103
12/22/2021,0.0105
12/21/2021,0.0176
12/20/2021,-0.009899999999999999
12/17/2021,-0.008
12/16/2021,0.0088
12/15/2021,0.0023
12/14/2021,-0.0083
12/13/2021,-0.0079
12/10/2021,-0.0040999999999999995
12/09/2021,-0.0049
12/08/2021,-0.0085
12/07/2021,0.0318
12/06/2021,0.0127
12/03/2021,-0.0070999999999999995
12/02/2021,-0.0143
12/01/2021,0.0212
11/30/2021,-0.0101
11/29/2021,0.006500000000000001
11/26/2021,-0.042800000000000005
11/25/2021,0.006500000000000001
11/24/2021,0.0012
11/23/2021,-0.011699999999999999
11/22/2021,-0.0036
11/19/2021,-0.0068000000000000005
11/18/2021,-0.0043
11/17/2021,0.0001
11/16/2021,0.0039000000000000003
11/15/2021,0.004699999999999999
11/12/2021,0.0034000000000000002
11/11/2021,0.0012
11/10/2021,-0.0007000000000000001
11/09/2021,-0.0016
11/08/2021,-0.0003
11/05/2021,0.0051
11/04/2021,0.005699999999999999
11/03/2021,0.0032
11/02/2021,0.0013
11/01/2021,0.0067
10/29/2021,0.0
10/28/2021,0.0069
10/27/2021,-0.0018
10/26/2021,0.0060999999999999995
10/25/2021,-0.0024
10/22/2021,0.0079
10/21/2021,-0.0005
10/20/2021,0.0046
10/19/2021,0.0029
10/18/2021,-0.0064
10/15/2021,0.0072
10/14/2021,0.0148
10/13/2021,0.0085
10/12/2021,-0.0026
10/11/2021,0.0007000000000000001
10/08/2021,-0.0060999999999999995
10/07/2021,0.017
10/06/2021,-0.013000000000000001
10/05/2021,0.0155
10/04/2021,-0.0073
10/01/2021,0.0
09/30/2021,-0.0048
09/29/2021,0.0033
09/28/2021,-0.021099999999999997
09/27/2021,-0.0002
09/24/2021,-0.0097
09/23/2021,0.009399999999999999
09/22/2021,0.011399999999999999
09/21/2021,0.013500000000000002
09/20/2021,-0.0158
09/17/2021,-0.0077
09/16/2021,0.004699999999999999
09/15/2021,-0.009300000000000001
09/14/2021,-0.0005
09/13/2021,0.002
09/10/2021,-0.0015
09/09/2021,-0.0012
09/08/2021,-0.0077
09/07/2021,-0.0032
09/06/2021,0.0096
09/03/2021,-0.0085
09/02/2021,0.0022
09/01/2021,0.0104
08/31/2021,0.0
08/30/2021,0.0013
08/27/2021,0.0045000000000000005
08/26/2021,-0.0015
08/25/2021,0.0012
08/24/2021,0.0008
08/23/2021,0.0097
08/20/2021,0.0046
08/19/2021,-0.020099999999999996
08/18/2021,-0.0036
08/17/2021,-0.0023
08/16/2021,-0.0085
08/13/2021,0.0001
08/12/2021,0.0021
08/11/2021,0.0037
08/10/2021,0.0043
08/09/2021,0.0018
08/06/2021,0.0027
08/05/2021,0.0046
08/04/2021,0.0051
08/03/2021,0.0019
08/02/2021,0.009300000000000001
07/30/2021,-0.0051
07/29/2021,0.0049
07/28/2021,0.0128
07/27/2021,-0.0087
07/26/2021,-0.0027
07/23/2021,0.0116
07/22/2021,0.005699999999999999
07/21/2021,0.0184
07/20/2021,0.0052
07/19/2021,-0.023799999999999998
07/16/2021,-0.0040999999999999995
07/15/2021,-0.0095
07/14/2021,0.0005
07/13/2021,0.0016
07/12/2021,0.0059
07/09/2021,0.0168
07/08/2021,-0.0204
07/07/2021,0.0051
07/06/2021,-0.0070999999999999995
07/05/2021,0.0002
07/02/2021,0.0018
07/01/2021,0.005
06/30/2021,-0.0089
06/29/2021,0.0023
06/28/2021,-0.0077
06/25/2021,-0.0001
06/24/2021,0.011200000000000002
06/23/2021,-0.0073
06/22/2021,0.0023
06/21/2021,0.0054
06/18/2021,-0.0177
06/17/2021,0.0018
06/16/2021,0.0034000000000000002
06/15/2021,0.0011
06/14/2021,0.0028000000000000004
06/11/2021,0.006999999999999999
06/10/2021,-0.0007000000000000001
06/09/2021,0.0026
06/08/2021,0.0013
06/07/2021,0.0032
06/04/2021,0.0029
06/03/2021,-0.0036
06/02/2021,0.004
06/01/2021,0.0077
05/31/2021,-0.0060999999999999995
05/28/2021,0.0076
05/27/2021,0.0029
05/26/2021,-0.0003
05/25/2021,-0.0001
05/24/2021,0.004
05/21/2021,0.0054
05/20/2021,0.013999999999999999
05/19/2021,-0.015
05/18/2021,-0.0007000000000000001
05/17/2021,-0.0026
05/14/2021,0.0143
05/13/2021,0.0003
05/12/2021,0.0003
05/11/2021,-0.0192
05/10/2021,-0.0036
05/07/2021,0.006500000000000001
05/06/2021,0.001
05/05/2021,0.017
05/04/2021,-0.013999999999999999
05/03/2021,0.005699999999999999
04/30/2021,-0.0054
04/29/2021,-0.0008
04/28/2021,0.0036
04/27/2021,-0.0016
04/26/2021,0.0015
04/23/2021,-0.0005
04/22/2021,0.0083
04/21/2021,0.009899999999999999
04/20/2021,-0.018799999999999997
04/19/2021,-0.0012
04/16/2021,0.0062
04/15/2021,0.0046
04/14/2021,0.0045000000000000005
04/13/2021,0.0032
04/12/2021,-0.0040999999999999995
04/09/2021,-0.0003
04/08/2021,0.006500000000000001
04/07/2021,-0.0025
04/06/2021,0.0052
04/01/2021,0.0095
03/31/2021,-0.0031
03/30/2021,0.0091
03/29/2021,0.0033
03/26/2021,0.009399999999999999
03/25/2021,-0.0002
03/24/2021,0.0007000000000000001
03/23/2021,-0.0026
03/22/2021,-0.0009
03/19/2021,-0.0067
03/18/2021,0.0009
03/17/2021,-0.0007000000000000001
03/16/2021,0.0042
03/15/2021,-0.0001
03/12/2021,-0.0033
03/11/2021,0.0087
03/10/2021,0.0085
03/09/2021,0.0086
03/08/2021,0.0175
03/05/2021,-0.0097
03/04/2021,-0.0027
03/03/2021,0.0026
03/02/2021,0.0005
03/01/2021,0.018600000000000002
02/26/2021,-0.0166
02/25/2021,-0.0040999999999999995
02/24/2021,0.0014000000000000002
02/23/2021,-0.0027
02/22/2021,-0.0058
02/19/2021,0.0067
02/18/2021,-0.0078000000000000005
02/17/2021,-0.0043
02/16/2021,0.0
02/15/2021,0.0118
02/12/2021,0.008
02/11/2021,0.0038
02/10/2021,-0.0034000000000000002
02/09/2021,0.0013
02/08/2021,0.0032
02/05/2021,0.0055000000000000005
02/04/2021,0.005
02/03/2021,0.0014000000000000002
02/02/2021,0.0168
02/01/2021,0.0144
01/29/2021,-0.0192
01/28/2021,0.0075
01/27/2021,-0.0154
01/26/2021,0.005
01/25/2021,-0.012
01/22/2021,-0.005
01/21/2021,-0.0011
01/20/2021,0.0075
01/19/2021,-0.0003
01/18/2021,0.0007000000000000001
01/15/2021,-0.0101
01/14/2021,0.0085
01/13/2021,0.0009
01/12/2021,-0.0015
01/11/2021,-0.0069
01/08/2021,0.0089
01/07/2021,0.0017000000000000001
01/06/2021,0.0096
01/05/2021,-0.0027
01/04/2021,0.008100000000000001
12/31/2020,-0.008
12/30/2020,-0.0012
12/29/2020,0.0054
12/28/2020,0.0069
12/24/2020,0.0004
12/23/2020,0.0101
12/22/2020,0.012
12/21/2020,-0.0225
12/18/2020,-0.0032
12/17/2020,0.0017000000000000001
12/16/2020,0.0037
12/15/2020,0.0018
12/14/2020,0.0018
12/11/2020,-0.006
12/10/2020,-0.0011
12/09/2020,-0.0004
12/08/2020,-0.0016
12/07/2020,-0.0038
12/04/2020,0.0069
12/03/2020,0.0011
12/02/2020,-0.0009
12/01/2020,0.011000000000000001
11/30/2020,-0.013000000000000001
11/27/2020,0.006999999999999999
11/26/2020,0.0006
11/25/2020,0.0012
11/24/2020,0.0096
11/23/2020,-0.0008
11/20/2020,0.0059
11/19/2020,-0.006999999999999999
11/18/2020,0.0038
11/17/2020,-0.0011
11/16/2020,0.0131
11/13/2020,0.0001
11/12/2020,-0.0083
11/11/2020,0.0074
11/10/2020,0.0084
11/09/2020,0.0587
11/06/2020,-0.0018
11/05/2020,0.0137
11/04/2020,0.023700000000000002
11/03/2020,0.0202
11/02/2020,0.0179
10/30/2020,0.0032
10/29/2020,0.0016
10/28/2020,-0.028999999999999998
10/27/2020,-0.0104
10/26/2020,-0.0161
10/23/2020,0.0076
10/22/2020,-0.002
10/21/2020,-0.0151
10/20/2020,-0.0022
10/19/2020,0.0006
10/16/2020,0.0176
10/15/2020,-0.022000000000000002
10/14/2020,-0.0009
10/13/2020,-0.0049
10/12/2020,0.008199999999999999
10/09/2020,0.0089
10/08/2020,0.0069
10/07/2020,-0.001
10/06/2020,0.0039000000000000003
10/05/2020,0.0102
10/02/2020,0.0014000000000000002
10/01/2020,0.0052
09/30/2020,-0.0033
09/29/2020,-0.0036
09/28/2020,0.022400000000000003
09/25/2020,-0.0038
09/24/2020,-0.009300000000000001
09/23/2020,0.0074
09/22/2020,0.0005
09/21/2020,-0.0339
09/18/2020,-0.009399999999999999
09/17/2020,-0.0069
09/16/2020,0.003
09/15/2020,0.0048
09/14/2020,0.0032
09/11/2020,0.0016
09/10/2020,-0.0024
09/09/2020,0.0158
09/08/2020,-0.015600000000000001
09/07/2020,0.015300000000000001
09/04/2020,-0.0129
09/03/2020,-0.010700000000000001
09/02/2020,0.016399999999999998
09/01/2020,0.0013
08/31/2020,-0.011699999999999999
08/28/2020,-0.0053
08/27/2020,-0.0066
08/26/2020,0.011200000000000002
08/25/2020,0.0001
08/24/2020,0.021
08/21/2020,-0.0007000000000000001
08/20/2020,-0.0134
08/19/2020,0.0055000000000000005
08/18/2020,-0.006
08/17/2020,0.0018
08/14/2020,-0.0148
08/13/2020,-0.0064
08/12/2020,0.0121
08/11/2020,0.0212
08/10/2020,0.0002
08/07/2020,0.0001
08/06/2020,-0.009000000000000001
08/05/2020,0.0086
08/04/2020,0.002
08/03/2020,0.0179
07/31/2020,-0.012199999999999999
07/30/2020,-0.0213
07/29/2020,0.0022
07/28/2020,0.0012
07/27/2020,-0.0033
07/24/2020,-0.0182
07/23/2020,0.0015
07/22/2020,-0.0138
07/21/2020,0.0049
07/20/2020,0.006500000000000001
07/17/2020,-0.0024
07/16/2020,-0.004699999999999999
07/15/2020,0.0159
07/14/2020,-0.0104
07/13/2020,0.0144
07/10/2020,0.0085
07/09/2020,-0.0096
07/08/2020,-0.0077
07/07/2020,-0.0054
07/06/2020,0.015300000000000001
07/03/2020,-0.0055000000000000005
07/02/2020,0.0217
07/01/2020,0.0006
06/30/2020,0.001
06/29/2020,0.004699999999999999
06/26/2020,-0.0012
06/25/2020,0.0075
06/24/2020,-0.028999999999999998
06/23/2020,0.014499999999999999
06/22/2020,-0.0058
06/19/2020,0.0045000000000000005
06/18/2020,-0.004699999999999999
06/17/2020,0.0084
06/16/2020,0.0302
06/15/2020,-0.0048
06/12/2020,0.006
06/11/2020,-0.04190000000000001
06/10/2020,-0.006
06/09/2020,-0.012199999999999999
06/08/2020,-0.0070999999999999995
06/05/2020,0.0285
06/04/2020,-0.0015
06/03/2020,0.0304
06/02/2020,0.016399999999999998
06/01/2020,0.014199999999999999
05/29/2020,-0.013500000000000002
05/28/2020,0.017
05/27/2020,0.0086
05/26/2020,0.0126
05/25/2020,0.0191
05/22/2020,0.0
05/21/2020,-0.0127
05/20/2020,0.013600000000000001
05/19/2020,-0.0072
05/18/2020,0.0444
05/15/2020,0.0028000000000000004
05/14/2020,-0.0207
05/13/2020,-0.0213
05/12/2020,-0.0025
05/11/2020,-0.0053
05/08/2020,0.011899999999999999
05/07/2020,0.0168
05/06/2020,-0.008199999999999999
05/05/2020,0.0216
05/04/2020,-0.0404
04/30/2020,-0.0219
04/29/2020,0.0212
04/28/2020,0.0167
04/27/2020,0.023399999999999997
04/24/2020,-0.0138
04/23/2020,0.008199999999999999
04/22/2020,0.0149
04/21/2020,-0.035
04/20/2020,0.0066
04/17/2020,0.0298
04/16/2020,0.0008
04/15/2020,-0.0358
04/14/2020,0.0011
04/09/2020,0.0154
04/08/2020,0.002
04/07/2020,0.0208
04/06/2020,0.0425
04/03/2020,-0.0154
04/02/2020,0.006
04/01/2020,-0.0353
03/31/2020,0.0085
03/30/2020,0.0089
03/27/2020,-0.0437
03/26/2020,0.024300000000000002
03/25/2020,0.0382
03/24/2020,0.0818
03/23/2020,-0.0322
03/20/2020,0.04650000000000001
03/19/2020,0.031400000000000004
03/18/2020,-0.049699999999999994
03/17/2020,0.0229
03/16/2020,-0.057
03/13/2020,0.0151
03/12/2020,-0.1197
03/11/2020,-0.0059
03/10/2020,-0.013999999999999999
03/09/2020,-0.0809
03/06/2020,-0.039900000000000005
03/05/2020,-0.0168
03/04/2020,0.013300000000000001
03/03/2020,0.011899999999999999
03/02/2020,0.005600000000000001
02/28/2020,-0.0353
02/27/2020,-0.0364
02/26/2020,0.0001
02/25/2020,-0.0189
02/24/2020,-0.037599999999999995
02/21/2020,-0.0059
02/20/2020,-0.009300000000000001
02/19/2020,0.008
02/18/2020,-0.0032
02/17/2020,0.0018
02/14/2020,-0.0015
02/13/2020,-0.0013
02/12/2020,0.0083
02/11/2020,0.006999999999999999
02/10/2020,-0.0011
02/07/2020,-0.0031
02/06/2020,0.0072
02/05/2020,0.0101
02/04/2020,0.017
02/03/2020,0.0048
01/31/2020,-0.010700000000000001
01/30/2020,-0.0124
01/29/2020,0.0036
01/28/2020,0.0096
01/27/2020,-0.024900000000000002
01/24/2020,0.009899999999999999
01/23/2020,-0.0078000000000000005
01/22/2020,-0.0028000000000000004
01/21/2020,-0.0048
01/20/2020,-0.0027
01/17/2020,0.009399999999999999
01/16/2020,0.0011
01/15/2020,0.0002
01/14/2020,0.0015
01/13/2020,-0.0013
01/10/2020,-0.0012
01/09/2020,0.0028000000000000004
01/08/2020,0.002
01/07/2020,0.0011
01/06/2020,-0.0048
01/03/2020,-0.0008
01/02/2020,0.0121
12/31/2019,-0.0019
12/30/2019,-0.0087
12/27/2019,0.002
12/24/2019,0.0004
12/23/2019,0.0011
12/20/2019,0.0084
12/19/2019,0.0023
12/18/2019,-0.0005
12/17/2019,-0.0048
12/16/2019,0.0123
12/13/2019,0.0058
12/12/2019,0.0024
12/11/2019,0.0007000000000000001
12/10/2019,-0.0008
12/09/2019,-0.0042
12/06/2019,0.0129
12/05/2019,-0.0002
12/04/2019,0.0118
12/03/2019,-0.0086
12/02/2019,-0.0173
11/29/2019,-0.0011
11/28/2019,-0.0022
11/27/2019,0.0003
11/26/2019,0.002
11/25/2019,0.0060999999999999995
11/22/2019,0.0029
11/21/2019,-0.004
11/20/2019,-0.0032
11/19/2019,-0.0038
11/18/2019,-0.0005
11/15/2019,0.006
11/14/2019,-0.0015
11/13/2019,-0.0019
11/12/2019,0.0043
11/11/2019,0.0002
11/08/2019,-0.001
11/07/2019,0.0033
11/06/2019,0.0037
11/05/2019,0.004699999999999999
11/04/2019,0.009300000000000001
11/01/2019,0.0053
10/31/2019,-0.0062
10/30/2019,0.0049
10/29/2019,0.0
10/28/2019,0.0003
10/25/2019,0.0
10/24/2019,0.0068000000000000005
10/23/2019,-0.0013
10/22/2019,0.0002
10/21/2019,0.003
10/18/2019,-0.0058
10/17/2019,-0.0028000000000000004
10/16/2019,-0.002
10/15/2019,0.0096
10/14/2019,-0.0033
10/11/2019,0.016
10/10/2019,0.0096
10/09/2019,0.006500000000000001
10/08/2019,-0.012
10/07/2019,0.0070999999999999995
10/04/2019,0.0095
10/03/2019,0.0022
10/02/2019,-0.0294
10/01/2019,-0.0132
09/30/2019,0.0055000000000000005
09/27/2019,0.0034999999999999996
09/26/2019,0.0070999999999999995
09/25/2019,-0.0063
09/24/2019,-0.0002
09/23/2019,-0.009000000000000001
09/20/2019,0.0040999999999999995
09/19/2019,0.0051
09/18/2019,0.0012
09/17/2019,0.0026
09/16/2019,-0.0083
09/13/2019,0.0017000000000000001
09/12/2019,0.0054
09/11/2019,0.006
09/10/2019,-0.001
09/09/2019,-0.0019
09/06/2019,0.0001
09/05/2019,0.008199999999999999
09/04/2019,0.0108
09/03/2019,-0.0042
09/02/2019,0.0025
08/30/2019,0.0068000000000000005
08/29/2019,0.013999999999999999
08/28/2019,-0.0027
08/27/2019,0.0070999999999999995
08/26/2019,0.0026
08/23/2019,-0.01
08/22/2019,-0.0085
08/21/2019,0.0158
08/20/2019,-0.0067
08/19/2019,0.013500000000000002
08/16/2019,0.013500000000000002
08/15/2019,-0.0038
08/14/2019,-0.0194
08/13/2019,0.0066
08/12/2019,-0.0034000000000000002
08/09/2019,-0.0111
08/08/2019,0.0204
08/07/2019,0.006
08/06/2019,-0.0028000000000000004
08/05/2019,-0.0242
08/02/2019,-0.032799999999999996
08/01/2019,0.0054
07/31/2019,0.0006
07/30/2019,-0.0137
07/29/2019,-0.0022
07/26/2019,0.0051
07/25/2019,-0.003
07/24/2019,-0.0002
07/23/2019,0.009000000000000001
07/22/2019,0.0039000000000000003
07/19/2019,0.0031
07/18/2019,-0.0028000000000000004
07/17/2019,-0.004699999999999999
07/16/2019,0.005600000000000001
07/15/2019,0.0009
07/12/2019,0.0021
07/11/2019,-0.0015
07/10/2019,-0.0017000000000000001
07/09/2019,-0.0037
07/08/2019,-0.0014000000000000002
07/05/2019,-0.005699999999999999
07/04/2019,0.0005
07/03/2019,0.0095
07/02/2019,0.0031
07/01/2019,0.0063
06/28/2019,0.0085
06/27/2019,-0.0014000000000000002
06/26/2019,-0.0027
06/25/2019,-0.0024
06/24/2019,-0.0019
06/21/2019,-0.0026
06/20/2019,0.0027
06/19/2019,0.001
06/18/2019,0.0195
06/17/2019,0.0019
06/14/2019,-0.0038
06/13/2019,-0.0006
06/12/2019,-0.0043
06/11/2019,0.004699999999999999
06/10/2019,0.0037
06/07/2019,0.014199999999999999
06/06/2019,-0.0022
06/05/2019,0.0054
06/04/2019,0.0037
06/03/2019,0.0040999999999999995
05/31/2019,-0.0084
05/30/2019,0.0076
05/29/2019,-0.015300000000000001
05/28/2019,-0.0026
05/27/2019,0.0040999999999999995
05/24/2019,0.0054
05/23/2019,-0.0159
05/22/2019,-0.0006
05/21/2019,0.0043
05/20/2019,-0.0137
05/17/2019,-0.0028000000000000004
05/16/2019,0.0124
05/15/2019,0.0059
05/14/2019,0.0148
05/13/2019,-0.0124
05/10/2019,0.0028000000000000004
05/09/2019,-0.0181
05/08/2019,0.0038
05/07/2019,-0.0152
05/06/2019,-0.0103
05/03/2019,0.0016
05/02/2019,-0.0074
04/30/2019,0.0021
04/29/2019,0.0022
04/26/2019,0.0021
04/25/2019,-0.0043
04/24/2019,-0.0033
04/23/2019,0.0019
04/18/2019,0.0034999999999999996
04/17/2019,0.0038
04/16/2019,0.0036
04/15/2019,0.0016
04/12/2019,0.0026
04/11/2019,0.0055000000000000005
04/10/2019,0.0036
04/09/2019,-0.0059
04/08/2019,-0.0016
04/05/2019,0.0031
04/04/2019,-0.0007000000000000001
04/03/2019,0.008
04/02/2019,0.004
04/01/2019,0.0098
03/29/2019,0.0105
03/28/2019,-0.0017000000000000001
03/27/2019,0.0004
03/26/2019,0.0097
03/25/2019,-0.0036
03/22/2019,-0.0175
03/21/2019,0.001
03/20/2019,-0.0088
03/19/2019,0.0039000000000000003
03/18/2019,0.0018
03/15/2019,0.0101
03/14/2019,0.009000000000000001
03/13/2019,0.0060999999999999995
03/12/2019,0.0008
03/11/2019,0.0067
03/08/2019,-0.0076
03/07/2019,-0.0045000000000000005
03/06/2019,-0.0034999999999999996
03/05/2019,0.002
03/04/2019,0.0023
03/01/2019,0.0058
02/28/2019,0.0054
02/27/2019,-0.0032
02/26/2019,0.0013
02/25/2019,0.0026
02/22/2019,0.0012
02/21/2019,-0.0009
02/20/2019,0.0063
02/19/2019,-0.0024
02/18/2019,0.0032
02/15/2019,0.0139
02/14/2019,-0.0034000000000000002
02/13/2019,0.005600000000000001
02/12/2019,0.0070999999999999995
02/11/2019,0.0095
02/08/2019,-0.006500000000000001
02/07/2019,-0.0163
02/06/2019,0.0007000000000000001
02/05/2019,0.0177
02/04/2019,0.0002
02/01/2019,0.0053
01/31/2019,0.004
01/30/2019,0.009399999999999999
01/29/2019,0.0074
01/28/2019,-0.009000000000000001
01/25/2019,0.0089
01/24/2019,0.005699999999999999
01/23/2019,-0.0002
01/22/2019,-0.0044
01/21/2019,-0.001
01/18/2019,0.018799999999999997
01/17/2019,-0.0015
01/16/2019,0.0027
01/15/2019,0.005699999999999999
01/14/2019,-0.0063
01/11/2019,-0.001
01/10/2019,0.0006
01/09/2019,0.0068000000000000005
01/08/2019,0.0105
01/07/2019,-0.0018
01/04/2019,0.026600000000000002
01/03/2019,-0.014199999999999999
01/02/2019,-0.0069
12/31/2018,0.0108
12/28/2018,0.0169
12/27/2018,-0.006500000000000001
12/24/2018,-0.0132
12/21/2018,-0.0011
12/20/2018,-0.0183
12/19/2018,0.0044
12/18/2018,-0.0091
12/17/2018,-0.011899999999999999
12/14/2018,-0.0077
12/13/2018,-0.0026
12/12/2018,0.0192
12/11/2018,0.0134
12/10/2018,-0.0163
12/07/2018,0.0085
12/06/2018,-0.0342
12/05/2018,-0.0131
12/04/2018,-0.0074
12/03/2018,0.0103
11/30/2018,-0.0017000000000000001
11/29/2018,0.0048
11/28/2018,-0.0003
11/27/2018,-0.0007000000000000001
11/26/2018,0.0095
11/23/2018,0.0017000000000000001
11/22/2018,-0.008
11/21/2018,0.0109
11/20/2018,-0.0149
11/19/2018,-0.0086
11/16/2018,-0.0017000000000000001
11/15/2018,-0.006
11/14/2018,-0.0052
11/13/2018,0.0074
11/12/2018,-0.008199999999999999
11/09/2018,-0.0034000000000000002
11/08/2018,-0.0015
11/07/2018,0.013000000000000001
11/06/2018,-0.003
11/05/2018,-0.0016
11/02/2018,0.0036
11/01/2018,0.0018
10/31/2018,0.02
10/30/2018,-0.0024
10/29/2018,0.0042
10/26/2018,-0.010700000000000001
10/25/2018,0.0076
10/24/2018,-0.0011
10/23/2018,-0.0184
10/22/2018,-0.006999999999999999
10/19/2018,-0.0023
10/18/2018,-0.0049
10/17/2018,-0.0032
10/16/2018,0.016200000000000003
10/15/2018,-0.0004
10/12/2018,-0.0015
10/11/2018,-0.0183
10/10/2018,-0.0216
10/09/2018,0.0028000000000000004
10/08/2018,-0.0104
10/05/2018,-0.0083
10/04/2018,-0.0152
10/03/2018,0.006500000000000001
10/02/2018,-0.0060999999999999995
10/01/2018,0.0023
09/28/2018,-0.008
09/27/2018,0.003
09/26/2018,0.0029
09/25/2018,0.0024
09/24/2018,-0.0032
09/21/2018,0.0064
09/20/2018,0.0091
09/19/2018,0.002
09/18/2018,0.0031
09/17/2018,-0.0004
09/14/2018,0.0036
09/13/2018,-0.0009
09/12/2018,0.0055000000000000005
09/11/2018,0.0009
09/10/2018,0.0037
09/07/2018,0.0021
09/06/2018,-0.0052
09/05/2018,-0.014499999999999999
09/04/2018,-0.0109
09/03/2018,0.0006
08/31/2018,-0.0118
08/30/2018,-0.0043
08/29/2018,0.0025
08/28/2018,0.0003
08/27/2018,0.0074
08/24/2018,0.0015
08/23/2018,0.0
08/22/2018,0.0016
08/21/2018,0.0037
08/20/2018,0.006500000000000001
08/17/2018,-0.0017000000000000001
08/16/2018,0.0076
08/15/2018,-0.015300000000000001
08/14/2018,0.0003
08/13/2018,-0.0014000000000000002
08/10/2018,-0.0148
08/09/2018,0.0006
08/08/2018,-0.0032
08/07/2018,0.0059
08/06/2018,-0.0001
08/03/2018,0.0051
08/02/2018,-0.005699999999999999
08/01/2018,-0.0021
07/31/2018,0.0021
07/30/2018,-0.0045000000000000005
07/27/2018,0.0044
07/26/2018,0.0034999999999999996
07/25/2018,0.0
07/24/2018,0.008199999999999999
07/23/2018,-0.0034999999999999996
07/20/2018,-0.0011
07/19/2018,-0.0023
07/18/2018,0.0059
07/17/2018,0.0018
07/16/2018,-0.0032
07/13/2018,0.004
07/12/2018,0.0086
07/11/2018,-0.0116
07/10/2018,0.0058
07/09/2018,0.005
07/06/2018,0.0034000000000000002
07/05/2018,0.0060999999999999995
07/04/2018,0.0001
07/03/2018,0.0075
07/02/2018,-0.0086
06/29/2018,0.008
06/28/2018,-0.0079
06/27/2018,0.0088
06/26/2018,0.0008
06/25/2018,-0.019
06/22/2018,0.0125
06/21/2018,-0.0067
06/20/2018,-0.0018
06/19/2018,-0.009399999999999999
06/18/2018,-0.008199999999999999
06/15/2018,-0.0052
06/14/2018,0.0109
06/13/2018,0.0013
06/12/2018,-0.0022
06/11/2018,0.006500000000000001
06/08/2018,0.0002
06/07/2018,-0.0025
06/06/2018,-0.0028000000000000004
06/05/2018,-0.0018
06/04/2018,0.005
06/01/2018,0.0102
05/31/2018,-0.0046
05/30/2018,0.001
05/29/2018,-0.0128
05/28/2018,-0.0049
05/25/2018,-0.0004
05/24/2018,-0.0032
05/23/2018,-0.010700000000000001
05/22/2018,0.0012
05/21/2018,0.0044
05/18/2018,-0.0019
05/17/2018,0.0092
05/16/2018,0.0019
05/15/2018,0.0002
05/14/2018,0.0005
05/11/2018,0.0003
05/10/2018,0.0005
05/09/2018,0.003
05/08/2018,0.0007000000000000001
05/07/2018,0.0028000000000000004
05/04/2018,0.004699999999999999
05/03/2018,-0.0049
05/02/2018,-0.0002
04/30/2018,0.0034000000000000002
04/27/2018,0.0038
04/26/2018,0.0068000000000000005
04/25/2018,-0.006
04/24/2018,0.0016
04/23/2018,0.0033
04/20/2018,0.0015
04/19/2018,-0.0006
04/18/2018,0.004
04/17/2018,0.0078000000000000005
04/16/2018,-0.001
04/13/2018,0.0008
04/12/2018,0.0049
04/11/2018,-0.0048
04/10/2018,0.0083
04/09/2018,0.001
04/06/2018,-0.0034000000000000002
04/05/2018,0.0252
04/04/2018,-0.0029
04/03/2018,-0.0032
03/29/2018,0.0048
03/28/2018,0.0048
03/27/2018,0.0111
03/26/2018,-0.0054
03/23/2018,-0.013300000000000001
03/22/2018,-0.0134
03/21/2018,-0.0015
03/20/2018,0.005699999999999999
03/19/2018,-0.01
03/16/2018,0.003
03/15/2018,0.0054
03/14/2018,-0.0029
03/13/2018,-0.008199999999999999
03/12/2018,0.002
03/09/2018,0.0040999999999999995
03/08/2018,0.013300000000000001
03/07/2018,0.0034000000000000002
03/06/2018,0.003
03/05/2018,0.008100000000000001
03/02/2018,-0.0199
03/01/2018,-0.0096
02/28/2018,-0.0036
02/27/2018,-0.0009
02/26/2018,0.0060999999999999995
02/23/2018,0.0026
02/22/2018,0.0004
02/21/2018,0.0022
02/20/2018,0.0049
02/19/2018,-0.0045000000000000005
02/16/2018,0.011399999999999999
02/15/2018,0.0078000000000000005
02/14/2018,0.0092
02/13/2018,-0.0062
02/12/2018,0.011399999999999999
02/09/2018,-0.013600000000000001
02/08/2018,-0.020099999999999996
02/07/2018,0.02
02/06/2018,-0.0254
02/05/2018,-0.0151
02/02/2018,-0.0149
02/01/2018,-0.0034999999999999996
01/31/2018,0.001
01/30/2018,-0.0075
01/29/2018,-0.0023
01/26/2018,0.0077
01/25/2018,-0.0032
01/24/2018,-0.008100000000000001
01/23/2018,-0.0008
01/22/2018,0.0032
01/19/2018,0.005600000000000001
01/18/2018,0.0012
01/17/2018,-0.0013
01/16/2018,0.0013
01/15/2018,-0.0003
01/12/2018,0.0038
01/11/2018,-0.0037
01/10/2018,-0.0039000000000000003
01/09/2018,0.0064
01/08/2018,0.0022
01/05/2018,0.0096
01/04/2018,0.0128
01/03/2018,0.0075
01/02/2018,-0.0021
12/29/2017,-0.0042
12/28/2017,-0.004699999999999999
12/27/2017,0.0009
12/22/2017,-0.0027
12/21/2017,0.0044
12/20/2017,-0.0064
12/19/2017,-0.004699999999999999
12/18/2017,0.012199999999999999
12/15/2017,-0.0003
12/14/2017,-0.0064
12/13/2017,-0.0062
12/12/2017,0.0072
12/11/2017,-0.0013
12/08/2017,0.0032
12/07/2017,0.0019
12/06/2017,-0.0016
12/05/2017,-0.0008
12/04/2017,0.011899999999999999
12/01/2017,-0.0086
11/30/2017,-0.0036
11/29/2017,-0.0005
11/28/2017,0.006500000000000001
11/27/2017,-0.004699999999999999
11/24/2017,0.001
11/23/2017,0.004699999999999999
11/22/2017,-0.0031
11/21/2017,0.0040999999999999995
11/20/2017,0.0046
11/17/2017,-0.004699999999999999
11/16/2017,0.0055000000000000005
11/15/2017,-0.0043
11/14/2017,-0.005600000000000001
11/13/2017,-0.0069
11/10/2017,-0.0058
11/09/2017,-0.0102
11/08/2017,-0.0012
11/07/2017,-0.0054
11/06/2017,-0.0006
11/03/2017,0.0019
11/02/2017,-0.0016
11/01/2017,0.0027
10/31/2017,0.0038
10/30/2017,-0.0001
10/27/2017,0.006
10/26/2017,0.011699999999999999
10/25/2017,-0.0049
10/24/2017,-0.0012
10/23/2017,0.0024
10/20/2017,0.0008
10/19/2017,-0.0049
10/18/2017,0.0039000000000000003
10/17/2017,0.0005
10/16/2017,0.0012
10/13/2017,0.0006
10/12/2017,0.0007000000000000001
10/11/2017,0.0008
10/10/2017,0.0005
10/09/2017,0.002
10/06/2017,-0.0046
10/05/2017,0.0038
10/04/2017,-0.0004
10/03/2017,0.0034999999999999996
10/02/2017,0.0042
09/29/2017,0.005699999999999999
09/28/2017,0.0031
09/27/2017,0.003
09/26/2017,0.0012
09/25/2017,0.0007000000000000001
09/22/2017,0.0018
09/21/2017,0.0021
09/20/2017,-0.0008
09/19/2017,0.0006
09/18/2017,0.0026
09/15/2017,-0.0038
09/14/2017,0.0016
09/13/2017,0.0022
09/12/2017,0.0051
09/11/2017,0.011000000000000001
09/08/2017,0.0011
09/07/2017,0.0038
09/06/2017,0.0025
09/05/2017,-0.0015
09/04/2017,-0.0034000000000000002
09/01/2017,0.0059
08/31/2017,0.006
08/30/2017,0.0069
08/29/2017,-0.0083
08/28/2017,-0.0053
08/25/2017,-0.0024
08/24/2017,-0.0001
08/23/2017,-0.0042
08/22/2017,0.0084
08/21/2017,-0.0049
08/18/2017,-0.0069
08/17/2017,-0.0036
08/16/2017,0.0068000000000000005
08/15/2017,0.0032
08/14/2017,0.0104
08/11/2017,-0.010700000000000001
08/10/2017,-0.0066
08/09/2017,-0.0118
08/08/2017,0.0023
08/07/2017,0.0009
08/04/2017,0.0109
08/03/2017,0.0044
08/02/2017,-0.0037
08/01/2017,0.0049
07/31/2017,-0.005
07/28/2017,-0.0109
07/27/2017,0.0039000000000000003
07/26/2017,0.0075
07/25/2017,0.0058
07/24/2017,-0.0007000000000000001
07/21/2017,-0.012199999999999999
07/20/2017,-0.001
07/19/2017,0.0085
07/18/2017,-0.009000000000000001
07/17/2017,0.0002
07/14/2017,0.0019
07/13/2017,0.0039000000000000003
07/12/2017,0.0141
07/11/2017,-0.004699999999999999
07/10/2017,0.004
07/07/2017,-0.0001
07/06/2017,-0.005600000000000001
07/05/2017,0.0007000000000000001
07/04/2017,-0.0034000000000000002
07/03/2017,0.011899999999999999
06/30/2017,-0.004699999999999999
06/29/2017,-0.0183
06/28/2017,-0.0025
06/27/2017,-0.0073
06/26/2017,0.0054
06/23/2017,-0.0033
06/22/2017,-0.0003
06/21/2017,-0.0037
06/20/2017,-0.004
06/19/2017,0.008
06/16/2017,0.008
06/15/2017,-0.0045000000000000005
06/14/2017,-0.0024
06/13/2017,0.0042
06/12/2017,-0.011699999999999999
06/09/2017,0.0060999999999999995
06/08/2017,-0.002
06/07/2017,0.0009
06/06/2017,-0.0063
06/05/2017,-0.0051
06/02/2017,0.0037
06/01/2017,0.006500000000000001
05/31/2017,-0.0026
05/30/2017,-0.0037
05/29/2017,-0.0016
05/26/2017,-0.0001
05/25/2017,0.0004
05/24/2017,-0.0002
05/23/2017,0.0034000000000000002
05/22/2017,-0.0015
05/19/2017,0.0075
05/18/2017,-0.0089
05/17/2017,-0.0144
05/16/2017,-0.0001
05/15/2017,0.0013
05/12/2017,0.0042
05/11/2017,-0.0038
05/10/2017,0.0006
05/09/2017,0.0021
05/08/2017,-0.0049
05/05/2017,0.0097
05/04/2017,0.014499999999999999
05/03/2017,0.001
05/02/2017,0.006500000000000001
04/28/2017,-0.0008
04/27/2017,-0.0028000000000000004
04/26/2017,0.0013
04/25/2017,0.0028000000000000004
04/24/2017,0.0348
04/21/2017,-0.0016
04/20/2017,0.008100000000000001
04/19/2017,0.0022
04/18/2017,-0.0129
04/13/2017,-0.0054
04/12/2017,0.0005
04/11/2017,-0.0022
04/10/2017,-0.0025
04/07/2017,0.0038
04/06/2017,0.0044
04/05/2017,-0.0008
04/04/2017,0.0022
04/03/2017,-0.005600000000000001
03/31/2017,0.0051
03/30/2017,0.0040999999999999995
03/29/2017,0.0032
03/28/2017,0.006
03/27/2017,-0.0006
03/24/2017,-0.0022
03/23/2017,0.0070999999999999995
03/22/2017,-0.0034999999999999996
03/21/2017,-0.0029
03/20/2017,-0.0028000000000000004
03/17/2017,0.004
03/16/2017,0.0063
03/15/2017,0.0014000000000000002
03/14/2017,-0.0037
03/13/2017,0.001
03/10/2017,0.0037
03/09/2017,0.005
03/08/2017,-0.0004
03/07/2017,-0.0027
03/06/2017,-0.0042
03/03/2017,0.0053
03/02/2017,-0.0016
03/01/2017,0.0177
02/28/2017,0.0023
02/27/2017,0.0005
02/24/2017,-0.008100000000000001
02/23/2017,-0.0014000000000000002
02/22/2017,0.0014000000000000002
02/21/2017,0.0053
02/20/2017,-0.0015
02/17/2017,-0.0013
02/16/2017,-0.0040999999999999995
02/15/2017,0.0042
02/14/2017,0.0017000000000000001
02/13/2017,0.010700000000000001
02/10/2017,-0.0003
02/09/2017,0.0104
02/08/2017,0.0017000000000000001
02/07/2017,-0.0011
02/06/2017,-0.0091
02/03/2017,0.0067
02/02/2017,0.0027
02/01/2017,0.0078000000000000005
01/31/2017,-0.0075
01/30/2017,-0.011200000000000002
01/27/2017,-0.0036
01/26/2017,-0.0022
01/25/2017,0.0087
01/24/2017,0.0014000000000000002
01/23/2017,-0.0054
01/20/2017,0.0019
01/19/2017,0.0
01/18/2017,0.0007000000000000001
01/17/2017,-0.0034000000000000002
01/16/2017,-0.0077
01/13/2017,0.0106
01/12/2017,-0.0052
01/11/2017,0.0006
01/10/2017,-0.0007000000000000001
01/09/2017,-0.0037
01/06/2017,0.0006
01/05/2017,-0.0001
01/04/2017,-0.0001
01/03/2017,0.0025
01/02/2017,0.0054
12/30/2016,0.0034000000000000002
12/29/2016,-0.0019
12/28/2016,0.0003
12/27/2016,0.0022
12/23/2016,0.0014000000000000002
12/22/2016,-0.0005
12/21/2016,-0.0025
12/20/2016,0.006500000000000001
12/19/2016,-0.0002
12/16/2016,0.0039000000000000003
12/15/2016,0.006999999999999999
12/14/2016,-0.0062
12/13/2016,0.0092
12/12/2016,0.0002
12/09/2016,0.0064
12/08/2016,0.0085
12/07/2016,0.0095
12/06/2016,0.011699999999999999
12/05/2016,0.0101
12/02/2016,-0.0064
12/01/2016,-0.0079
11/30/2016,0.0053
11/29/2016,0.0052
11/28/2016,-0.0077
11/25/2016,0.0032
11/24/2016,0.0021
11/23/2016,-0.0025
11/22/2016,0.0048
11/21/2016,0.0062
11/18/2016,-0.0040999999999999995
11/17/2016,0.0055000000000000005
11/16/2016,-0.0043
11/15/2016,0.0055000000000000005
11/14/2016,0.0001
11/11/2016,-0.006999999999999999
11/10/2016,-0.0097
11/09/2016,0.0087
11/08/2016,0.005600000000000001
11/07/2016,0.0155
11/04/2016,-0.0069
11/03/2016,-0.0022
11/02/2016,-0.013000000000000001
11/01/2016,-0.0067
10/31/2016,-0.0088
10/28/2016,-0.002
10/27/2016,0.0015
10/26/2016,-0.0034000000000000002
10/25/2016,-0.0037
10/24/2016,0.0017000000000000001
10/21/2016,-0.0003
10/20/2016,0.0021
10/19/2016,0.0034999999999999996
10/18/2016,0.0113
10/17/2016,-0.005
10/14/2016,0.0151
10/13/2016,-0.0097
10/12/2016,-0.0042
10/11/2016,-0.0040999999999999995
10/10/2016,0.0111
10/07/2016,-0.0078000000000000005
10/06/2016,-0.0031
10/05/2016,-0.0044
10/04/2016,0.010700000000000001
10/03/2016,0.0001
09/30/2016,0.0017000000000000001
09/29/2016,0.0005
09/28/2016,0.0079
09/27/2016,-0.001
09/26/2016,-0.0149
09/23/2016,-0.0042
09/22/2016,0.020099999999999996
09/21/2016,0.005
09/20/2016,-0.0002
09/19/2016,0.0129
09/16/2016,-0.0075
09/15/2016,0.0038
09/14/2016,-0.0038
09/13/2016,-0.011000000000000001
09/12/2016,-0.0104
09/09/2016,-0.011699999999999999
09/08/2016,-0.0046
09/07/2016,0.0053
09/06/2016,-0.0034999999999999996
09/05/2016,0.0004
09/02/2016,0.0225
09/01/2016,0.0
08/31/2016,-0.0045000000000000005
08/30/2016,0.0068000000000000005
08/29/2016,-0.0027
08/26/2016,0.0069
08/25/2016,-0.005699999999999999
08/24/2016,0.0017000000000000001
08/23/2016,0.0077
08/22/2016,-0.0017000000000000001
08/19/2016,-0.0068000000000000005
08/18/2016,0.0049
08/17/2016,-0.0086
08/16/2016,-0.0092
08/15/2016,0.0007000000000000001
08/12/2016,-0.0002
08/11/2016,0.0106
08/10/2016,-0.0028000000000000004
08/09/2016,0.0102
08/08/2016,0.0002
08/05/2016,0.012
08/04/2016,0.006999999999999999
08/03/2016,-0.0006
08/02/2016,-0.0166
08/01/2016,-0.0089
07/29/2016,0.0075
07/28/2016,-0.009399999999999999
07/27/2016,0.0060999999999999995
07/26/2016,0.0022
07/25/2016,0.0014000000000000002
07/22/2016,0.0023
07/21/2016,-0.0007000000000000001
07/20/2016,0.0087
07/19/2016,-0.0038
07/18/2016,-0.0012
07/15/2016,-0.0033
07/14/2016,0.0083
07/13/2016,-0.0008
07/12/2016,0.012
07/11/2016,0.0146
07/08/2016,0.0159
07/07/2016,0.0083
07/06/2016,-0.0174
07/05/2016,-0.0149
07/04/2016,-0.0085
07/01/2016,0.0079
06/30/2016,0.0127
06/29/2016,0.0279
06/28/2016,0.022099999999999998
06/27/2016,-0.0297
06/24/2016,-0.0672
06/23/2016,0.0161
06/22/2016,0.0022
06/21/2016,0.0069
06/20/2016,0.0331
06/17/2016,0.0088
06/16/2016,-0.0045000000000000005
06/15/2016,0.0092
06/14/2016,-0.0209
06/13/2016,-0.018500000000000003
06/10/2016,-0.0227
06/09/2016,-0.0089
06/08/2016,-0.0052
06/07/2016,0.011699999999999999
06/06/2016,0.0017000000000000001
06/03/2016,-0.0085
06/02/2016,0.0
06/01/2016,-0.0046
05/31/2016,-0.0054
05/30/2016,0.0028000000000000004
05/27/2016,-0.0001
05/26/2016,0.006
05/25/2016,0.011399999999999999
05/24/2016,0.022000000000000002
05/23/2016,-0.0055000000000000005
05/20/2016,0.0149
05/19/2016,-0.0102
05/18/2016,0.004
05/17/2016,-0.0034000000000000002
05/16/2016,-0.0015
05/13/2016,0.0043
05/12/2016,-0.0052
05/11/2016,-0.004699999999999999
05/10/2016,0.006
05/09/2016,0.0042
05/06/2016,-0.0027
05/05/2016,0.0034999999999999996
05/04/2016,-0.0111
05/03/2016,-0.015300000000000001
05/02/2016,0.0032
04/29/2016,-0.0254
04/28/2016,0.0004
04/27/2016,0.0051
04/26/2016,-0.0007000000000000001
04/25/2016,-0.0067
04/22/2016,-0.003
04/21/2016,-0.004699999999999999
04/20/2016,0.0038
04/19/2016,0.0143
04/18/2016,0.0018
04/15/2016,-0.0011
04/14/2016,0.0045000000000000005
04/13/2016,0.027999999999999997
04/12/2016,0.0064
04/11/2016,0.0026
04/08/2016,0.011899999999999999
04/07/2016,-0.0075
04/06/2016,0.0059
04/05/2016,-0.019299999999999998
04/04/2016,0.0033
04/01/2016,-0.012
03/31/2016,-0.0141
03/30/2016,0.0154
03/29/2016,0.0079
03/24/2016,-0.0173
03/23/2016,0.0007000000000000001
03/22/2016,0.0004
03/21/2016,-0.004699999999999999
03/18/2016,0.0066
03/17/2016,-0.0028000000000000004
03/16/2016,-0.0009
03/15/2016,-0.0069
03/14/2016,0.0044
03/11/2016,0.0294
03/10/2016,-0.0154
03/09/2016,0.0060999999999999995
03/08/2016,-0.0086
03/07/2016,-0.0051
03/04/2016,0.0092
03/03/2016,-0.0028000000000000004
03/02/2016,0.0012
03/01/2016,0.0155
02/29/2016,0.0089
02/26/2016,0.0138
02/25/2016,0.0171
02/24/2016,-0.019799999999999998
02/23/2016,-0.0128
02/22/2016,0.0179
02/19/2016,-0.0058
02/18/2016,-0.0016
02/17/2016,0.0268
02/16/2016,0.0002
02/15/2016,0.030299999999999997
02/12/2016,0.023700000000000002
02/11/2016,-0.035699999999999996
02/10/2016,0.0123
02/09/2016,-0.0159
02/08/2016,-0.0335
02/05/2016,-0.0088
02/04/2016,-0.0013
02/03/2016,-0.0149
02/02/2016,-0.0212
02/01/2016,-0.0044
01/29/2016,0.0252
01/28/2016,-0.0126
01/27/2016,0.005600000000000001
01/26/2016,0.009300000000000001
01/25/2016,-0.0029
01/22/2016,0.0317
01/21/2016,0.0218
01/20/2016,-0.0338
01/19/2016,0.018600000000000002
01/18/2016,-0.0059
01/15/2016,-0.021
01/14/2016,-0.0178
01/13/2016,0.0028000000000000004
01/12/2016,0.0111
01/11/2016,-0.0015
01/08/2016,-0.0172
01/07/2016,-0.016399999999999998
01/06/2016,-0.0126
01/05/2016,0.0062
01/04/2016,-0.0235
12/31/2015,-0.0085
12/30/2015,-0.0044
12/29/2015,0.0174
12/28/2015,-0.0083
12/24/2015,-0.001
12/23/2015,0.0242
12/22/2015,0.0014000000000000002
12/21/2015,-0.0129
12/18/2015,-0.011200000000000002
12/17/2015,0.0132
12/16/2015,0.0034000000000000002
12/15/2015,0.0297
12/14/2015,-0.0179
12/11/2015,-0.0195
12/10/2015,-0.0029
12/09/2015,-0.0073
12/08/2015,-0.015700000000000002
12/07/2015,0.0078000000000000005
12/04/2015,-0.0043
12/03/2015,-0.0334
12/02/2015,-0.0003
12/01/2015,-0.0067
11/30/2015,0.0021
11/27/2015,-0.002
11/26/2015,0.0111
11/25/2015,0.0144
11/24/2015,-0.0123
11/23/2015,-0.0028000000000000004
11/20/2015,-0.0006
11/19/2015,0.0024
11/18/2015,-0.0039000000000000003
11/17/2015,0.0269
11/16/2015,0.001
11/13/2015,-0.0095
11/12/2015,-0.0178
11/11/2015,0.009300000000000001
11/10/2015,0.0004
11/09/2015,-0.0129
11/06/2015,0.0036
11/05/2015,0.0013
11/04/2015,0.004
11/03/2015,0.0038
11/02/2015,0.0037
10/30/2015,0.0014000000000000002
10/29/2015,-0.0004
10/28/2015,0.009000000000000001
10/27/2015,-0.0095
10/26/2015,-0.0052
10/23/2015,0.0219
10/22/2015,0.0207
10/21/2015,0.0023
10/20/2015,-0.005
10/19/2015,0.0018
10/16/2015,0.0060999999999999995
10/15/2015,0.013999999999999999
10/14/2015,-0.006
10/13/2015,-0.0064
10/12/2015,-0.0036
10/09/2015,0.0049
10/08/2015,0.0013
10/07/2015,0.0021
10/06/2015,0.009300000000000001
10/05/2015,0.0339
10/02/2015,0.0078000000000000005
10/01/2015,-0.0063
09/30/2015,0.024
09/29/2015,-0.0072
09/28/2015,-0.024300000000000002
09/25/2015,0.030600000000000002
09/24/2015,-0.020099999999999996
09/23/2015,0.0004
09/22/2015,-0.031400000000000004
09/21/2015,0.009899999999999999
09/18/2015,-0.0229
09/17/2015,0.0015
09/16/2015,0.018600000000000002
09/15/2015,0.0092
09/14/2015,-0.0063
09/11/2015,-0.011000000000000001
09/10/2015,-0.0151
09/09/2015,0.0139
09/08/2015,0.009300000000000001
09/07/2015,0.0051
09/04/2015,-0.026600000000000002
09/03/2015,0.0203
09/02/2015,0.0028000000000000004
09/01/2015,-0.0248
08/31/2015,-0.0042
08/28/2015,0.0042
08/27/2015,0.0337
08/26/2015,-0.015300000000000001
08/25/2015,0.0409
08/24/2015,-0.051699999999999996
08/21/2015,-0.032799999999999996
08/20/2015,-0.0217
08/19/2015,-0.0175
08/18/2015,0.0012
08/17/2015,0.0028000000000000004
08/14/2015,-0.0063
08/13/2015,0.0095
08/12/2015,-0.032400000000000005
08/11/2015,-0.015700000000000002
08/10/2015,0.0068000000000000005
08/07/2015,-0.0086
08/06/2015,-0.0019
08/05/2015,0.013600000000000001
08/04/2015,-0.0022
08/03/2015,0.0098
07/31/2015,0.0044
07/30/2015,0.0032
07/29/2015,0.0075
07/28/2015,0.009399999999999999
07/27/2015,-0.023700000000000002
07/24/2015,-0.0079
07/23/2015,-0.0009
07/22/2015,-0.0045000000000000005
07/21/2015,-0.0077
07/20/2015,0.0043
07/17/2015,0.0006
07/16/2015,0.0128
07/15/2015,0.0053
07/14/2015,0.006
07/13/2015,0.0181
07/10/2015,0.0275
07/09/2015,0.024399999999999998
07/08/2015,0.0067
07/07/2015,-0.020499999999999997
07/06/2015,-0.0175
07/03/2015,-0.0063
07/02/2015,-0.0091
07/01/2015,0.0191
06/30/2015,-0.0146
06/29/2015,-0.0352
06/26/2015,0.0025
06/25/2015,-0.0003
06/24/2015,-0.0039000000000000003
06/23/2015,0.0121
06/22/2015,0.0351
06/19/2015,0.0036
06/18/2015,0.0023
06/17/2015,-0.0089
06/16/2015,0.005600000000000001
06/15/2015,-0.0155
06/12/2015,-0.0134
06/11/2015,0.006999999999999999
06/10/2015,0.016200000000000003
06/09/2015,-0.0021
06/08/2015,-0.0105
06/05/2015,-0.0126
06/04/2015,-0.0089
06/03/2015,0.0032
06/02/2015,-0.0059
06/01/2015,0.0014000000000000002
05/29/2015,-0.0212
05/28/2015,-0.005600000000000001
05/27/2015,0.016
05/26/2015,-0.0076
05/25/2015,-0.004
05/22/2015,-0.001
05/21/2015,0.002
05/20/2015,0.0043
05/19/2015,0.0194
05/18/2015,0.0022
05/15/2015,-0.0042
05/14/2015,0.0108
05/13/2015,-0.0012
05/12/2015,-0.01
05/11/2015,-0.0049
05/08/2015,0.024
05/07/2015,-0.0011
05/06/2015,-0.0011
05/05/2015,-0.0206
05/04/2015,0.005
04/30/2015,0.0013
04/29/2015,-0.0258
04/28/2015,-0.0173
04/27/2015,0.0124
04/24/2015,0.004
04/23/2015,-0.0049
04/22/2015,0.0009
04/21/2015,0.0034000000000000002
04/20/2015,0.0086
04/17/2015,-0.0163
04/16/2015,-0.0068000000000000005
04/15/2015,0.004699999999999999
04/14/2015,-0.0066
04/13/2015,0.003
04/10/2015,0.0069
04/09/2015,0.0137
04/08/2015,-0.0049
04/07/2015,0.0155
04/02/2015,0.004
04/01/2015,0.0044
03/31/2015,-0.0096
03/30/2015,0.0123
03/27/2015,0.0038
03/26/2015,-0.0053
03/25/2015,-0.0123
03/24/2015,0.0043
03/23/2015,-0.0055000000000000005
03/20/2015,0.0077
03/19/2015,0.0004
03/18/2015,0.0007000000000000001
03/17/2015,-0.0075
03/16/2015,0.0098
03/13/2015,0.0034999999999999996
03/12/2015,-0.0015
03/11/2015,0.022099999999999998
03/10/2015,-0.011200000000000002
03/09/2015,-0.006999999999999999
03/06/2015,0.0014000000000000002
03/05/2015,0.0105
03/04/2015,0.0088
03/03/2015,-0.010700000000000001
03/02/2015,-0.002
02/27/2015,0.005699999999999999
02/26/2015,0.0086
02/25/2015,-0.002
02/24/2015,0.0058
02/23/2015,0.0087
02/20/2015,-0.0002
02/19/2015,0.0066
02/18/2015,0.0086
02/17/2015,0.0024
02/16/2015,-0.0023
02/13/2015,0.0053
02/12/2015,0.0069
02/11/2015,0.0006
02/10/2015,0.009899999999999999
02/09/2015,-0.0096
02/06/2015,-0.0022
02/05/2015,0.001
02/04/2015,0.0044
02/03/2015,0.0111
02/02/2015,0.0021
01/30/2015,-0.0066
01/29/2015,0.0028000000000000004
01/28/2015,-0.0018
01/27/2015,-0.009399999999999999
01/26/2015,0.0091
01/23/2015,0.0195
01/22/2015,0.0146
01/21/2015,0.0087
01/20/2015,0.008100000000000001
01/19/2015,0.0046
01/16/2015,0.0129
01/15/2015,0.0216
01/14/2015,-0.0137
01/13/2015,0.0151
01/12/2015,0.0102
01/09/2015,-0.0159
01/08/2015,0.033
01/07/2015,0.0068000000000000005
01/06/2015,-0.0078000000000000005
01/05/2015,-0.028900000000000002
01/02/2015,-0.0042
